#Mesh size, e_breakdown_probability solve_bvp, e_breakdown_probability Newton, h_breakdown_probability solve_bvp, h_breakdown_probability Newton
4.605170185988091802e+00,-1.262332186741189055e+01,-9.390008927586077192e+00,-1.296822212415496445e+01,-1.000539836648079906e+01
5.370638028127662444e+00,-1.273553386488571348e+01,-1.017131241178649326e+01,-1.310122317511549461e+01,-1.079124633670953948e+01
6.139884552226255288e+00,-1.208898094551838653e+01,-1.096529368423776241e+01,-1.235315629832608941e+01,-1.159309723734685349e+01
6.907755278982136815e+00,-1.168113377860411006e+01,-1.179131923921876712e+01,-1.192504660536567407e+01,-1.242075904686813281e+01
